{
  "model": "SARIMAX",
  "dataset": "solar_france",
  "order": [
    1,
    1,
    1
  ],
  "seasonal_order": [
    2,
    1,
    1,
    24
  ],
  "metrics": {
    "mse": 194133.03738413146,
    "rmse": 440.60530793912534,
    "mae": 251.34677077695082,
    "mape": 6897668812010.881,
    "r2": 0.7821509416039494
  },
  "train_size": 1151,
  "test_size": 288,
  "aic": 12179.238887552265,
  "bic": 12209.130495615203
}