Modelo,MSE_train,MAPE_train,MSE_val,MAPE_val,MSE_test,MAPE_test
ARIMA,10732.015894803631,57511259964.18698,19206.03420160553,126794100843.13876,21511.921780258075,112705459456.25873
KNN,22.507454031117398,5417256013.243023,49825.92909419176,4891943272.834381,144299.95994685986,1092183326.9251137
"VGG1D(w=24, f=64, d=0.2)",2457.53955078125,18244069376.0,8206.37109375,20543780864.0,23071.37890625,21014245376.0
HÍBRIDO-RESIDUAL,,,,,28466.4976446057,145634499899.82837
HÍBRIDO-ENSEMBLE,,,,,13460.558043879362,44136515304.47258
