{
  "model": "RandomForest",
  "dataset": "solar_france",
  "best_params": {
    "max_depth": 10,
    "max_features": 0.5,
    "min_samples_leaf": 1,
    "min_samples_split": 2,
    "n_estimators": 400
  },
  "metrics": {
    "mse": 12564.0721625318,
    "rmse": 112.08957205080141,
    "mae": 44.43249653200687,
    "mape": 15709341173.60674,
    "r2": 0.9854961566395238
  },
  "n_features": 83,
  "train_size": 1075,
  "test_size": 269
}